role,content
user,Discuss the influence of Roman culture on the development of Western civilization.
user,Examine the significance of the Roman military in expanding the empire’s territory.
user,Describe the impact of Julius Caesar’s leadership on the transformation of Rome from Republic to Empire.
user,Analyze the reasons behind the collapse of the Western Roman Empire.
user,How did Roman architecture influence urban development in Europe?
user,Compare and contrast the political systems of the Roman Republic and the Roman Empire.
user,Discuss the role of religion in the daily life of Roman citizens and its impact on the Empire.
user,Evaluate the effects of Roman conquest on the cultures of the conquered territories.
user,How did the Roman Empire maintain control over such a vast territory?
user,Examine the relationship between the Roman Senate and the Emperor.
user,What technological innovations did the Romans contribute to modern society?
user,Analyze the role of the Roman economy in sustaining the empire’s growth and stability.
user,Describe the causes and consequences of the Roman Empire's split into Eastern and Western regions.
user,What were the primary factors leading to the decline of the Roman Republic?
user,Compare the governance of the Roman Empire with that of the Byzantine Empire.
user,How did the Roman Empire's expansion affect the spread of the Latin language?
user,Examine the role of slavery in the Roman economy and society.
user,What was the significance of the Pax Romana in the history of the Roman Empire?
user,Discuss the impact of Roman roads and infrastructure on trade and communication.
user,Analyze the causes of the Roman Empire’s transformation from a republic to an autocratic system.
user,What influence did the Roman Empire have on the development of European languages?
user,How did the Roman legal system shape the foundation of modern law?
user,Examine the role of the Roman Catholic Church in preserving Roman traditions after the fall of the Empire.
user,Compare Roman military tactics with those used by modern armies.
user,Describe the role of Roman gladiatorial games in the culture and politics of the Empire.
user,How did the geography of Italy contribute to the rise of the Roman Empire?
user,Analyze the impact of the Roman Empire on the art and architecture of the Renaissance.
user,What were the major differences between the Eastern Roman Empire (Byzantine) and the Western Roman Empire?
user,Discuss the role of Roman emperors in shaping the policies and direction of the empire.
user,Evaluate the contributions of Roman philosophers and writers to Western intellectual traditions.
